{"cameraMode":{"drawMode":0,"name":"Shaded","section":"Shading Mode"},"sceneLighting":false,"audioPlay":false,"sceneViewState":{"showFog":true,"showMaterialUpdate":false,"showSkybox":false,"showFlares":true,"showImageEffects":true,"showParticleSystems":true},"in2DMode":false,"pivot":{"x":1.7839815616607667,"y":-3.787553310394287,"z":3.009540557861328},"rotation":{"x":0.10911338776350022,"y":0.05513915792107582,"z":-0.00606224499642849,"w":0.9924812912940979},"size":22.0,"orthographic":false}